time,enrolled,available,waitlisted,total
2023-01-11T16:23:39,0,9999,0,9999
2023-01-11T16:33:13,0,9999,0,9999
2023-01-11T16:42:45,0,9999,0,9999
2023-01-11T16:52:21,0,9999,0,9999
2023-01-11T17:01:59,0,9999,0,9999
2023-01-11T17:11:32,0,9999,0,9999
2023-01-11T17:21:15,0,9999,0,9999
2023-01-11T17:30:55,0,9999,0,9999
2023-01-11T17:40:26,0,9999,0,9999
2023-01-11T17:49:59,0,9999,0,9999
2023-01-11T17:59:31,0,9999,0,9999
2023-01-11T18:09:04,0,9999,0,9999
2023-01-11T18:18:37,0,9999,0,9999
2023-01-11T18:28:18,0,9999,0,9999
2023-01-11T18:37:49,0,9999,0,9999
2023-01-11T18:47:20,0,9999,0,9999
2023-01-11T18:56:51,0,9999,0,9999
2023-01-11T19:06:23,0,9999,0,9999
2023-01-11T19:15:54,0,9999,0,9999
2023-01-11T19:25:25,0,9999,0,9999
2023-01-11T19:34:57,0,9999,0,9999
2023-01-11T19:44:28,0,9999,0,9999
2023-01-11T19:54:09,0,9999,0,9999
2023-01-11T20:03:39,0,9999,0,9999
2023-01-11T20:13:09,0,9999,0,9999
2023-01-11T20:22:40,0,9999,0,9999
2023-01-11T20:32:11,0,9999,0,9999
2023-01-11T20:41:40,0,9999,0,9999
2023-01-11T20:51:11,0,9999,0,9999
2023-01-11T21:00:41,0,9999,0,9999
2023-01-11T21:10:13,0,9999,0,9999
2023-01-11T21:19:43,0,9999,0,9999
2023-01-11T21:29:23,0,9999,0,9999
2023-01-11T21:38:53,0,9999,0,9999
2023-01-11T21:48:23,0,9999,0,9999
2023-01-11T21:57:54,0,9999,0,9999
2023-01-11T22:07:27,0,9999,0,9999
2023-01-11T22:16:57,0,9999,0,9999
2023-01-11T22:26:27,0,9999,0,9999
2023-01-11T22:35:58,0,9999,0,9999
2023-01-11T22:45:38,0,9999,0,9999
2023-01-11T22:55:09,0,9999,0,9999
2023-01-11T23:04:39,0,9999,0,9999
2023-01-11T23:14:10,0,9999,0,9999
2023-01-11T23:23:41,0,9999,0,9999
2023-01-11T23:33:11,0,9999,0,9999
2023-01-11T23:42:42,0,9999,0,9999
2023-01-11T23:52:12,0,9999,0,9999
2023-01-12T00:01:45,0,9999,0,9999
2023-01-12T00:11:16,0,9999,0,9999
2023-01-12T00:21:02,0,9999,0,9999
2023-01-12T00:30:34,0,9999,0,9999
2023-01-12T00:40:12,0,9999,0,9999
2023-01-12T00:49:46,0,9999,0,9999
2023-01-12T00:59:19,0,9999,0,9999
2023-01-12T01:08:51,0,9999,0,9999
2023-01-12T01:18:24,0,9999,0,9999
2023-01-12T01:27:55,0,9999,0,9999
2023-01-12T01:37:25,0,9999,0,9999
2023-01-12T01:46:57,0,9999,0,9999
2023-01-12T01:56:27,0,9999,0,9999
2023-01-12T02:05:59,0,9999,0,9999
2023-01-12T02:15:32,0,9999,0,9999
2023-01-12T02:25:01,0,9999,0,9999
2023-01-12T02:34:30,0,9999,0,9999
2023-01-12T02:44:00,0,9999,0,9999
2023-01-12T02:53:28,0,9999,0,9999
2023-01-12T03:02:58,0,9999,0,9999
2023-01-12T03:12:27,0,9999,0,9999
2023-01-12T03:21:57,0,9999,0,9999
2023-01-12T03:31:28,0,9999,0,9999
2023-01-12T03:41:03,0,9999,0,9999
2023-01-12T03:50:37,0,9999,0,9999
2023-01-12T04:00:09,0,9999,0,9999
2023-01-12T04:09:44,0,9999,0,9999
2023-01-12T04:32:58,0,9999,0,9999
2023-01-12T04:42:47,0,9999,0,9999
2023-01-12T04:52:21,0,9999,0,9999
2023-01-12T05:01:54,0,9999,0,9999
2023-01-12T05:11:26,0,9999,0,9999
2023-01-12T05:20:57,0,9999,0,9999
2023-01-12T05:30:28,0,9999,0,9999
2023-01-12T05:40:02,0,9999,0,9999
2023-01-12T05:49:33,0,9999,0,9999
2023-01-12T05:59:07,0,9999,0,9999
2023-01-12T06:08:41,0,9999,0,9999
2023-01-12T06:18:14,0,9999,0,9999
2023-01-12T06:27:48,0,9999,0,9999
2023-01-12T06:37:23,0,9999,0,9999
2023-01-12T06:46:58,0,9999,0,9999
2023-01-12T06:56:31,0,9999,0,9999
2023-01-12T07:06:04,0,9999,0,9999
2023-01-12T07:15:37,0,9999,0,9999
2023-01-12T07:25:09,0,9999,0,9999
2023-01-12T07:34:42,0,9999,0,9999
2023-01-12T07:44:17,0,9999,0,9999
2023-01-12T07:53:50,0,9999,0,9999
2023-01-12T08:03:23,0,9999,0,9999
2023-01-12T08:13:01,0,9999,0,9999
2023-01-12T08:22:36,0,9999,0,9999
2023-01-12T08:32:15,0,9999,0,9999
2023-01-12T08:42:04,0,9999,0,9999
2023-01-12T08:51:41,0,9999,0,9999
2023-01-12T09:01:24,0,9999,0,9999
2023-01-12T09:11:05,0,9999,0,9999
2023-01-12T09:20:45,0,9999,0,9999
2023-01-12T09:30:31,0,9999,0,9999
2023-01-12T09:40:11,0,9999,0,9999
2023-01-12T09:50:01,0,9999,0,9999
2023-01-12T09:59:45,0,9999,0,9999
2023-01-12T10:09:32,0,9999,0,9999
2023-01-12T10:19:16,0,9999,0,9999
2023-01-12T10:28:58,0,9999,0,9999
2023-01-12T10:38:49,0,9999,0,9999
2023-01-12T10:48:38,0,9999,0,9999
2023-01-12T10:58:16,0,9999,0,9999
2023-01-12T11:08:02,0,9999,0,9999
2023-01-12T11:17:47,0,9999,0,9999
2023-01-12T11:27:41,0,9999,0,9999
2023-01-12T11:37:22,0,9999,0,9999
2023-01-12T11:47:02,0,9999,0,9999
2023-01-12T11:56:47,0,9999,0,9999
2023-01-12T12:06:40,0,9999,0,9999
2023-01-12T12:16:18,0,9999,0,9999
2023-01-12T12:25:57,0,9999,0,9999
2023-01-12T12:35:44,0,9999,0,9999
2023-01-12T12:45:25,0,9999,0,9999
2023-01-12T12:55:24,0,9999,0,9999
2023-01-12T13:05:12,0,9999,0,9999
2023-01-12T13:14:58,0,9999,0,9999
2023-01-12T13:24:44,0,9999,0,9999
2023-01-12T13:34:36,0,9999,0,9999
2023-01-12T13:44:19,0,9999,0,9999
2023-01-12T13:54:03,0,9999,0,9999
2023-01-12T14:03:46,0,9999,0,9999
2023-01-12T14:13:39,0,9999,0,9999
2023-01-12T14:23:19,0,9999,0,9999
2023-01-12T14:32:57,0,9999,0,9999
2023-01-12T14:42:37,0,9999,0,9999
2023-01-12T14:52:27,0,9999,0,9999
2023-01-12T15:02:14,0,9999,0,9999
2023-01-12T15:11:57,0,9999,0,9999
2023-01-12T15:21:47,0,9999,0,9999
2023-01-12T15:31:40,0,9999,0,9999
2023-01-12T15:41:18,0,9999,0,9999
2023-01-12T15:50:59,0,9999,0,9999
2023-01-12T16:00:39,0,40,0,40
2023-01-12T16:10:30,0,40,0,40
2023-01-12T16:20:06,0,40,0,40
2023-01-12T16:29:40,0,40,0,40
2023-01-12T16:39:17,0,40,0,40
2023-01-12T16:49:00,0,40,0,40
2023-01-12T16:58:41,0,40,0,40
2023-01-12T17:08:15,0,40,0,40
2023-01-12T17:17:51,0,40,0,40
2023-01-12T17:27:43,0,40,0,40
2023-01-12T17:37:23,0,40,0,40
2023-01-12T17:47:09,0,40,0,40
2023-01-12T17:57:00,0,40,0,40
2023-01-12T18:06:51,0,40,0,40
2023-01-12T18:16:51,0,40,0,40
2023-01-12T18:26:41,0,40,0,40
2023-01-12T18:36:32,0,40,0,40
2023-01-12T18:46:20,0,40,0,40
2023-01-12T18:56:15,0,40,0,40
2023-01-12T19:06:05,0,40,0,40
2023-01-12T19:15:48,0,40,0,40
2023-01-12T19:25:40,0,40,0,40
2023-01-12T19:35:19,0,40,0,40
2023-01-12T19:45:00,0,40,0,40
2023-01-12T19:54:40,0,40,0,40
2023-01-12T20:04:19,0,40,0,40
2023-01-12T20:13:59,0,40,0,40
2023-01-12T20:23:40,0,40,0,40
2023-01-12T20:33:17,0,40,0,40
2023-01-12T20:42:52,0,40,0,40
2023-01-12T20:52:27,0,40,0,40
2023-01-12T21:02:13,0,40,0,40
2023-01-12T21:11:47,0,40,0,40
2023-01-12T21:21:18,0,40,0,40
2023-01-12T21:30:55,0,40,0,40
2023-01-12T21:40:27,0,40,0,40
2023-01-12T21:49:58,0,40,0,40
2023-01-12T21:59:30,0,40,0,40
2023-01-12T22:09:03,0,40,0,40
2023-01-12T22:18:36,0,40,0,40
2023-01-12T22:28:19,0,40,0,40
2023-01-12T22:37:52,0,40,0,40
2023-01-12T22:47:22,0,40,0,40
2023-01-12T22:56:53,0,40,0,40
2023-01-12T23:06:25,0,40,0,40
2023-01-12T23:15:56,0,40,0,40
2023-01-12T23:25:27,0,40,0,40
2023-01-12T23:34:59,0,40,0,40
2023-01-12T23:44:29,0,40,0,40
2023-01-12T23:54:00,0,40,0,40
2023-01-13T00:03:31,0,40,0,40
2023-01-13T00:13:20,0,40,0,40
2023-01-13T00:22:53,0,40,0,40
2023-01-13T00:32:27,0,40,0,40
2023-01-13T00:42:00,0,40,0,40
2023-01-13T00:51:33,0,40,0,40
2023-01-13T01:01:07,0,40,0,40
2023-01-13T01:10:40,0,40,0,40
2023-01-13T01:20:13,0,40,0,40
2023-01-13T01:29:52,0,40,0,40
2023-01-13T01:39:24,0,40,0,40
2023-01-13T01:48:56,0,40,0,40
2023-01-13T01:58:29,0,40,0,40
2023-01-13T02:08:01,0,40,0,40
2023-01-13T02:17:36,0,40,0,40
2023-01-13T02:27:10,0,40,0,40
2023-01-13T02:36:44,0,40,0,40
2023-01-13T02:46:20,0,40,0,40
2023-01-13T02:55:56,0,40,0,40
2023-01-13T03:05:32,0,40,0,40
2023-01-13T03:15:07,0,40,0,40
2023-01-13T03:24:39,0,40,0,40
2023-01-13T03:34:15,0,40,0,40
2023-01-13T03:43:49,0,40,0,40
2023-01-13T03:53:25,0,40,0,40
2023-01-13T04:02:59,0,40,0,40
2023-01-13T04:28:53,0,40,0,40
2023-01-13T04:38:45,0,40,0,40
2023-01-13T04:48:21,0,40,0,40
2023-01-13T04:57:56,0,40,0,40
2023-01-13T05:07:27,0,40,0,40
2023-01-13T05:16:59,0,40,0,40
2023-01-13T05:26:31,0,40,0,40
2023-01-13T05:36:04,0,40,0,40
2023-01-13T05:45:38,0,40,0,40
2023-01-13T05:55:14,0,40,0,40
2023-01-13T06:04:48,0,40,0,40
2023-01-13T06:14:23,0,40,0,40
2023-01-13T06:23:58,0,40,0,40
2023-01-13T06:33:35,0,40,0,40
2023-01-13T06:43:08,0,40,0,40
2023-01-13T06:52:40,0,40,0,40
2023-01-13T07:02:12,0,40,0,40
2023-01-13T07:11:50,0,40,0,40
2023-01-13T07:21:29,0,40,0,40
2023-01-13T07:31:07,0,40,0,40
2023-01-13T07:40:41,0,40,0,40
2023-01-13T07:50:16,0,40,0,40
2023-01-13T07:59:54,0,40,0,40
2023-01-13T08:09:29,0,40,0,40
2023-01-13T08:19:05,0,40,0,40
2023-01-13T08:28:47,0,40,0,40
2023-01-13T08:38:35,0,40,0,40
2023-01-13T08:48:23,0,40,0,40
2023-01-13T08:57:58,0,40,0,40
2023-01-13T09:07:42,0,40,0,40
2023-01-13T09:17:20,0,40,0,40
2023-01-13T09:27:01,0,40,0,40
2023-01-13T09:36:41,0,40,0,40
2023-01-13T09:46:32,0,40,0,40
2023-01-13T09:56:28,0,40,0,40
2023-01-13T10:06:14,0,40,0,40
2023-01-13T10:15:54,0,40,0,40
2023-01-13T10:25:44,0,40,0,40
2023-01-13T10:35:31,0,40,0,40
2023-01-13T10:45:18,0,40,0,40
2023-01-13T10:54:56,0,40,0,40
2023-01-13T11:04:42,0,40,0,40
2023-01-13T11:14:36,0,40,0,40
2023-01-13T11:24:21,0,40,0,40
2023-01-13T11:34:02,0,40,0,40
2023-01-13T11:43:46,0,40,0,40
2023-01-13T11:53:33,0,40,0,40
2023-01-13T12:03:24,0,40,0,40
2023-01-13T12:13:08,0,40,0,40
2023-01-13T12:22:59,0,40,0,40
2023-01-13T12:32:42,0,40,0,40
2023-01-13T12:42:22,0,40,0,40
2023-01-13T12:52:11,0,40,0,40
2023-01-13T13:01:53,1,39,0,40
2023-01-13T13:11:40,1,39,0,40
2023-01-13T13:21:21,1,39,0,40
2023-01-13T13:31:15,1,39,0,40
2023-01-13T13:40:57,1,39,0,40
2023-01-13T13:50:44,1,39,0,40
2023-01-13T14:00:35,1,39,0,40
2023-01-13T14:10:14,1,39,0,40
2023-01-13T14:20:00,1,39,0,40
2023-01-13T14:29:53,1,39,0,40
2023-01-13T14:39:39,1,39,0,40
2023-01-13T14:49:16,2,38,0,40
2023-01-13T14:58:58,2,38,0,40
2023-01-13T15:08:40,2,38,0,40
2023-01-13T15:18:20,2,38,0,40
2023-01-13T15:28:11,2,38,0,40
2023-01-13T15:37:46,2,38,0,40
2023-01-13T15:47:26,2,38,0,40
2023-01-13T15:57:07,2,38,0,40
2023-01-13T16:06:48,2,38,0,40
2023-01-13T16:16:25,2,38,0,40
2023-01-13T16:25:59,2,38,0,40
2023-01-13T16:35:44,2,38,0,40
2023-01-13T16:45:20,2,38,0,40
2023-01-13T16:54:54,2,38,0,40
2023-01-13T17:04:30,2,38,0,40
2023-01-13T17:14:03,2,38,0,40
2023-01-13T17:23:35,2,38,0,40
2023-01-13T17:33:10,2,38,0,40
2023-01-13T17:42:44,2,38,0,40
2023-01-13T17:52:17,2,38,0,40
2023-01-13T18:01:48,2,38,0,40
2023-01-13T18:11:34,2,38,0,40
2023-01-13T18:21:06,2,38,0,40
2023-01-13T18:30:41,2,38,0,40
2023-01-13T18:40:13,2,38,0,40
2023-01-13T18:49:45,2,38,0,40
2023-01-13T18:59:16,2,38,0,40
2023-01-13T19:08:47,2,38,0,40
2023-01-13T19:18:18,2,38,0,40
2023-01-13T19:27:49,2,38,0,40
2023-01-13T19:37:20,2,38,0,40
2023-01-13T19:46:52,2,38,0,40
2023-01-13T19:56:23,2,38,0,40
2023-01-13T20:05:56,2,38,0,40
2023-01-13T20:15:27,2,38,0,40
2023-01-13T20:25:09,2,38,0,40
2023-01-13T20:34:39,2,38,0,40
2023-01-13T20:44:11,2,38,0,40
2023-01-13T20:53:42,2,38,0,40
2023-01-13T21:03:14,2,38,0,40
2023-01-13T21:12:44,2,38,0,40
2023-01-13T21:22:16,2,38,0,40
2023-01-13T21:31:46,2,38,0,40
2023-01-13T21:41:20,2,38,0,40
2023-01-13T21:50:51,2,38,0,40
2023-01-13T22:04:44,2,38,0,40
2023-01-13T22:14:43,2,38,0,40
2023-01-13T22:24:40,2,38,0,40
2023-01-13T22:34:41,2,38,0,40
2023-01-13T22:44:38,2,38,0,40
2023-01-13T22:54:35,2,38,0,40
2023-01-13T23:04:36,2,38,0,40
